ID_Pedido,Data_Venda,Categoria,Produto,Quantidade,Preco_Unitario,Cliente_ID,Cidade,Estado,Forma_Pagamento
1000,2025-04-22,Eletrônicos,Fone de ouvido,3,137.55,C053,Caldeira de Nunes,BA,Boleto
1001,2025-01-08,Eletrônicos,Caixa de som,4,35.26,C112,Farias da Mata,MA,Cartão
1002,2025-04-20,Moda,Boné,5,32.74,C280,Moura de Cardoso,PI,Boleto
1003,2025-01-13,Beleza,Creme hidratante,4,302.85,C082,Ribeiro,SC,Cartão
1004,2024-12-17,Beleza,Perfume,3,94.63,C053,Freitas da Mata,RJ,Pix
1005,2025-03-23,Eletrônicos,Carregador,1,192.31,C136,Fernandes Verde,AL,Pix
1006,2025-02-07,Eletrônicos,Carregador,5,79.92,C041,da Costa,ES,Transferência
1007,2025-01-27,Casa,Aspirador de pó,3,297.13,C024,Moura,MG,Cartão
1008,2025-02-04,Moda,Tênis,1,430.55,C195,Dias de Jesus,RO,Cartão
1009,2025-05-20,Casa,Lençol,3,98.07,C108,Campos,BA,Pix
1010,2025-05-24,Casa,Conjunto de copos,5,324.79,C084,Lima,RJ,Boleto
1011,2025-02-11,Beleza,Maquiagem,3,494.97,C167,Carvalho do Campo,AL,Boleto
1012,2025-03-13,Eletrônicos,Mouse,1,406.42,C138,Gomes da Serra,PI,Transferência
1013,2025-05-02,Eletrônicos,Mouse,5,440.66,C109,Rezende,AC,Pix
1014,2025-01-18,Beleza,Maquiagem,4,88.58,C127,Silveira das Flores,MA,Boleto
1015,2025-01-05,Casa,Aspirador de pó,4,450.95,C186,Cardoso,DF,Transferência
1016,2025-01-09,Moda,Calça Jeans,5,256.89,C057,Silveira do Oeste,RN,Cartão
1017,2025-04-25,Moda,Calça Jeans,4,306.28,C196,Azevedo da Mata,RR,Transferência
1018,2025-05-14,Beleza,Sabonete líquido,3,486.12,C059,Caldeira,RO,Cartão
1019,2025-05-20,Casa,Toalha,1,160.88,C233,Costa da Mata,SC,Boleto
1020,2025-01-20,Eletrônicos,Teclado,5,385.74,C153,Melo,AM,Cartão
1021,2025-04-09,Moda,Calça Jeans,3,386.01,C166,Barbosa,AP,Cartão
1022,2025-06-02,Beleza,Shampoo,1,465.97,C123,Moreira,AL,Pix
1023,2025-03-21,Eletrônicos,Mouse,5,474.54,C249,Ribeiro do Campo,PA,Cartão
1024,2025-02-06,Eletrônicos,Caixa de som,2,81.63,C282,Castro Verde,MG,Transferência
1025,2025-03-14,Moda,Tênis,5,438.77,C109,Correia do Galho,MT,Transferência
1026,2025-03-30,Moda,Tênis,4,497.67,C225,Farias,SE,Pix
1027,2024-12-19,Beleza,Shampoo,2,127.85,C011,Barros,TO,Pix
1028,2025-03-18,Moda,Boné,2,23.45,C118,Costa,MT,Cartão
1029,2025-04-05,Eletrônicos,Fone de ouvido,3,54.01,C143,da Paz,RR,Boleto
1030,2024-12-12,Beleza,Creme hidratante,5,83.51,C125,Nunes,MA,Transferência
1031,2025-04-29,Beleza,Maquiagem,2,65.28,C182,Cavalcanti das Pedras,SC,Transferência
1032,2025-01-05,Beleza,Maquiagem,4,434.64,C051,Duarte das Pedras,SP,Cartão
1033,2025-03-14,Eletrônicos,Carregador,3,404.28,C128,Barbosa,MS,Cartão
1034,2025-02-13,Moda,Calça Jeans,5,235.33,C094,Pinto,PA,Transferência
1035,2025-03-17,Casa,Lençol,2,439.75,C227,Sales de Rocha,AC,Cartão
1036,2025-02-16,Eletrônicos,Fone de ouvido,5,421.29,C122,Pires da Mata,AP,Cartão
1037,2025-04-15,Moda,Jaqueta,4,251.05,C031,Fernandes,TO,Transferência
1038,2025-01-31,Moda,Jaqueta,1,492.95,C233,Lima do Amparo,MS,Pix
1039,2025-04-05,Casa,Lençol,5,337.7,C080,Caldeira,RR,Transferência
1040,2025-05-06,Moda,Tênis,2,484.98,C161,da Conceição da Prata,DF,Cartão
1041,2025-03-18,Eletrônicos,Fone de ouvido,5,248.86,C030,Rodrigues,RS,Boleto
1042,2025-02-17,Eletrônicos,Mouse,1,305.62,C207,Caldeira,AL,Boleto
1043,2025-02-12,Eletrônicos,Caixa de som,2,297.88,C042,Cardoso do Norte,MA,Cartão
1044,2025-03-25,Beleza,Sabonete líquido,5,270.94,C105,da Cruz das Pedras,AP,Pix
1045,2025-01-02,Casa,Jogo de panelas,3,209.98,C235,da Paz de Carvalho,RS,Pix
1046,2025-05-04,Casa,Conjunto de copos,1,239.98,C038,Cunha do Norte,AP,Cartão
1047,2025-04-02,Moda,Boné,3,83.58,C036,Cardoso Alegre,SC,Pix
1048,2025-05-02,Moda,Tênis,3,95.72,C271,Aragão do Galho,AC,Pix
1049,2024-12-07,Eletrônicos,Caixa de som,3,467.24,C069,Araújo Grande,RO,Cartão
1050,2024-12-17,Casa,Conjunto de copos,1,376.36,C140,Carvalho,MA,Boleto
1051,2025-01-07,Casa,Aspirador de pó,2,364.45,C136,Melo das Pedras,RO,Boleto
1052,2025-03-27,Beleza,Perfume,1,64.3,C142,Lima do Oeste,SE,Transferência
1053,2025-04-30,Eletrônicos,Fone de ouvido,3,390.14,C083,Souza,MG,Pix
1054,2025-02-07,Beleza,Sabonete líquido,4,289.24,C039,Melo dos Dourados,RS,Cartão
1055,2025-01-05,Moda,Boné,1,420.61,C221,Ribeiro,PB,Boleto
1056,2025-02-13,Moda,Camiseta,3,195.03,C184,Vieira de Fernandes,MA,Cartão
1057,2025-02-18,Moda,Calça Jeans,1,189.77,C080,Almeida,RR,Transferência
1058,2025-03-28,Moda,Calça Jeans,2,443.08,C092,Mendes da Mata,MS,Cartão
1059,2025-05-31,Casa,Lençol,2,148.07,C196,Fogaça,AC,Cartão
1060,2025-03-19,Eletrônicos,Carregador,2,115.79,C180,Nunes do Sul,GO,Transferência
1061,2025-02-06,Casa,Jogo de panelas,2,31.36,C205,Gomes,MT,Boleto
1062,2024-12-17,Casa,Toalha,1,484.11,C180,Sales,RJ,Pix
1063,2025-04-05,Beleza,Sabonete líquido,3,470.83,C134,Lopes das Pedras,PR,Cartão
1064,2024-12-19,Moda,Boné,3,38.36,C177,Rezende,CE,Transferência
1065,2025-04-07,Casa,Lençol,5,492.43,C198,da Cruz,MT,Cartão
1066,2025-03-12,Moda,Tênis,1,360.22,C267,da Paz da Mata,RO,Cartão
1067,2025-02-04,Moda,Tênis,4,53.59,C161,Carvalho,TO,Pix
1068,2025-02-27,Eletrônicos,Teclado,5,168.46,C168,Farias,PI,Transferência
1069,2025-05-20,Beleza,Perfume,5,81.1,C195,Vieira,MS,Transferência
1070,2024-12-14,Moda,Boné,5,164.46,C156,Aragão,GO,Cartão
1071,2025-03-20,Casa,Jogo de panelas,4,397.16,C239,da Mota do Galho,RN,Pix
1072,2024-12-06,Beleza,Maquiagem,2,265.36,C044,Lima dos Dourados,DF,Boleto
1073,2025-04-08,Casa,Aspirador de pó,5,180.89,C159,Silveira,MS,Boleto
1074,2025-04-02,Moda,Calça Jeans,2,31.72,C244,das Neves da Praia,AL,Boleto
1075,2025-03-08,Eletrônicos,Carregador,4,445.35,C197,Gomes,CE,Boleto
1076,2025-04-12,Beleza,Maquiagem,2,90.83,C055,Barros de Pereira,SE,Cartão
1077,2025-06-02,Beleza,Creme hidratante,2,405.97,C026,Rezende do Galho,PE,Transferência
1078,2025-05-06,Moda,Camiseta,4,84.0,C272,Costela do Campo,PE,Transferência
1079,2025-04-30,Casa,Lençol,5,411.2,C281,Azevedo do Campo,PR,Transferência
1080,2025-04-15,Beleza,Creme hidratante,4,236.03,C142,Castro da Praia,CE,Boleto
1081,2025-01-16,Beleza,Creme hidratante,3,231.14,C121,Lopes,DF,Pix
1082,2025-05-01,Casa,Toalha,3,448.65,C071,Cardoso,PR,Cartão
1083,2025-03-18,Moda,Calça Jeans,4,353.1,C033,Santos,AP,Boleto
1084,2025-03-30,Beleza,Maquiagem,3,280.45,C032,Pereira,MS,Transferência
1085,2024-12-14,Moda,Jaqueta,4,454.32,C295,Viana,CE,Cartão
1086,2025-01-14,Beleza,Maquiagem,1,472.52,C200,Souza,RS,Pix
1087,2024-12-02,Beleza,Sabonete líquido,5,403.94,C250,Nascimento da Prata,MG,Boleto
1088,2025-03-27,Moda,Tênis,4,253.11,C173,Moura do Oeste,PE,Transferência
1089,2025-01-08,Beleza,Creme hidratante,4,461.38,C202,Novaes,MT,Cartão
1090,2025-05-28,Eletrônicos,Fone de ouvido,4,85.14,C094,Jesus,SC,Transferência
1091,2025-03-06,Eletrônicos,Teclado,4,177.13,C168,Viana da Praia,AL,Transferência
1092,2025-05-26,Casa,Lençol,3,380.96,C130,Pinto do Galho,RN,Transferência
1093,2025-02-24,Eletrônicos,Carregador,1,379.53,C180,Sales,TO,Cartão
1094,2025-01-20,Moda,Camiseta,1,382.03,C103,Pires do Amparo,RS,Boleto
1095,2025-02-02,Eletrônicos,Caixa de som,2,134.5,C059,Moura,PI,Transferência
1096,2025-05-23,Moda,Jaqueta,3,388.11,C059,Fogaça Alegre,PR,Boleto
1097,2024-12-29,Moda,Tênis,1,297.77,C295,Pereira de Nunes,MA,Pix
1098,2025-03-03,Beleza,Maquiagem,2,56.48,C053,Cavalcanti da Prata,RO,Boleto
1099,2025-01-25,Casa,Aspirador de pó,1,402.19,C178,Nunes,SP,Cartão
1100,2025-05-26,Beleza,Perfume,1,262.86,C007,da Luz,SP,Pix
1101,2025-04-12,Beleza,Maquiagem,1,228.09,C236,Novaes da Mata,PI,Pix
1102,2025-01-03,Moda,Jaqueta,2,372.22,C276,Rezende,RS,Pix
1103,2025-04-07,Beleza,Maquiagem,4,416.35,C166,Lima,SP,Pix
1104,2025-04-23,Moda,Camiseta,3,443.18,C238,Cardoso de Vieira,MT,Boleto
1105,2024-12-10,Beleza,Perfume,1,257.27,C094,Carvalho de Teixeira,RO,Pix
1106,2025-03-11,Beleza,Creme hidratante,3,402.96,C144,Gomes do Sul,CE,Pix
1107,2025-03-28,Casa,Aspirador de pó,1,267.98,C044,Castro,MG,Boleto
1108,2025-04-01,Moda,Jaqueta,4,286.48,C244,Teixeira,RN,Boleto
1109,2025-02-20,Beleza,Maquiagem,1,64.67,C208,Nunes de Nascimento,MA,Boleto
1110,2025-04-22,Moda,Tênis,5,197.13,C218,Melo,SP,Pix
1111,2025-03-06,Casa,Toalha,4,150.04,C119,da Luz,GO,Pix
1112,2024-12-31,Eletrônicos,Mouse,3,77.39,C099,da Luz Grande,SP,Boleto
1113,2025-01-18,Moda,Jaqueta,3,367.8,C052,Costela,RN,Pix
1114,2025-02-28,Moda,Tênis,2,193.22,C008,Farias,PE,Pix
1115,2024-12-03,Moda,Tênis,1,487.66,C065,Fernandes,MA,Pix
1116,2025-02-27,Beleza,Shampoo,1,295.55,C246,Fogaça do Galho,MT,Transferência
1117,2025-05-24,Beleza,Perfume,2,483.44,C245,da Rocha,SC,Pix
1118,2025-04-26,Eletrônicos,Fone de ouvido,4,256.04,C078,Cunha da Prata,PR,Cartão
1119,2025-02-18,Moda,Boné,3,60.89,C061,Sales,MT,Boleto
1120,2025-03-19,Beleza,Sabonete líquido,5,399.56,C268,Jesus do Sul,BA,Boleto
1121,2025-03-12,Beleza,Maquiagem,4,162.73,C157,Rezende de Gomes,SC,Transferência
1122,2025-01-20,Eletrônicos,Caixa de som,1,474.84,C109,da Costa do Oeste,MS,Boleto
1123,2024-12-16,Casa,Conjunto de copos,2,135.14,C081,Silva,RR,Cartão
1124,2025-02-25,Eletrônicos,Carregador,4,350.9,C150,Ribeiro da Serra,DF,Transferência
1125,2025-05-11,Eletrônicos,Mouse,3,359.34,C037,Rodrigues da Mata,RS,Transferência
1126,2025-03-25,Moda,Tênis,5,337.37,C218,Melo de Barbosa,RO,Boleto
1127,2025-05-07,Eletrônicos,Caixa de som,2,330.86,C073,Souza,SE,Pix
1128,2025-04-22,Eletrônicos,Fone de ouvido,2,400.46,C225,da Mota,MT,Pix
1129,2025-01-04,Eletrônicos,Carregador,3,355.87,C257,Lima,AL,Pix
1130,2025-01-23,Beleza,Maquiagem,1,307.06,C166,Barros Paulista,MT,Transferência
1131,2025-05-12,Casa,Conjunto de copos,1,129.88,C138,Martins,GO,Cartão
1132,2025-03-25,Eletrônicos,Mouse,4,269.1,C143,Vieira Alegre,MT,Transferência
1133,2025-03-16,Moda,Boné,4,324.7,C047,da Conceição,RJ,Transferência
1134,2025-04-12,Beleza,Perfume,4,179.99,C083,Martins,TO,Cartão
1135,2025-02-09,Casa,Lençol,4,158.34,C282,das Neves Alegre,AC,Transferência
1136,2025-03-23,Eletrônicos,Carregador,1,170.97,C060,Almeida,CE,Pix
1137,2024-12-04,Beleza,Sabonete líquido,1,335.68,C212,Barbosa,PA,Transferência
1138,2025-02-12,Eletrônicos,Mouse,5,193.65,C227,Cunha Paulista,BA,Transferência
1139,2025-03-23,Eletrônicos,Mouse,3,283.63,C225,Cavalcanti Paulista,SE,Pix
1140,2025-04-13,Beleza,Shampoo,1,487.11,C082,Castro,RJ,Boleto
1141,2025-04-25,Casa,Aspirador de pó,1,285.08,C116,Ramos de das Neves,DF,Cartão
1142,2025-05-10,Eletrônicos,Carregador,1,330.9,C256,Moreira de Gomes,SE,Boleto
1143,2024-12-25,Casa,Aspirador de pó,3,219.44,C242,Melo de Ferreira,BA,Transferência
1144,2025-03-23,Moda,Jaqueta,5,89.43,C261,Porto de Moreira,RJ,Boleto
1145,2025-03-05,Moda,Camiseta,3,390.88,C175,Farias,PA,Transferência
1146,2025-03-22,Casa,Conjunto de copos,3,368.5,C077,Farias de Minas,RS,Transferência
1147,2025-06-01,Beleza,Sabonete líquido,4,185.66,C234,da Rocha,PE,Transferência
1148,2025-04-11,Casa,Jogo de panelas,2,294.46,C211,Silva,AC,Boleto
1149,2025-04-28,Eletrônicos,Teclado,4,358.51,C198,Porto da Praia,PB,Transferência
1150,2025-04-30,Moda,Jaqueta,1,80.6,C052,Silveira Verde,RO,Pix
1151,2025-01-19,Beleza,Shampoo,5,457.01,C074,da Costa,CE,Cartão
1152,2025-05-30,Beleza,Creme hidratante,1,245.36,C174,Barbosa,PA,Pix
1153,2024-12-25,Beleza,Shampoo,3,429.12,C163,Lopes,PI,Transferência
1154,2025-05-04,Beleza,Sabonete líquido,1,316.38,C148,Nunes,RS,Boleto
1155,2025-01-10,Moda,Camiseta,4,489.6,C228,da Costa,DF,Cartão
1156,2025-03-13,Moda,Tênis,1,42.08,C151,Ribeiro,DF,Cartão
1157,2025-05-10,Casa,Toalha,4,89.87,C290,da Mota do Amparo,ES,Transferência
1158,2025-04-25,Moda,Calça Jeans,2,57.9,C124,Rezende,RR,Transferência
1159,2025-02-25,Beleza,Sabonete líquido,2,131.45,C236,Silveira do Amparo,PB,Pix
1160,2025-03-25,Casa,Conjunto de copos,4,452.58,C038,Ribeiro,RN,Boleto
1161,2024-12-12,Beleza,Perfume,5,163.59,C129,Pereira,AP,Transferência
1162,2025-04-22,Beleza,Perfume,2,499.7,C055,da Rosa,PB,Transferência
1163,2025-03-10,Moda,Jaqueta,5,192.3,C152,Martins,RR,Pix
1164,2025-05-28,Eletrônicos,Carregador,3,23.89,C255,da Rosa,PE,Cartão
1165,2025-06-02,Casa,Jogo de panelas,5,404.93,C098,Moraes,AL,Boleto
1166,2025-03-18,Casa,Jogo de panelas,1,453.63,C159,da Rocha,MG,Cartão
1167,2025-02-10,Beleza,Shampoo,5,195.13,C047,da Luz de Pereira,BA,Boleto
1168,2025-03-31,Casa,Toalha,4,104.31,C277,Lopes,AM,Boleto
1169,2025-02-24,Casa,Aspirador de pó,5,458.47,C132,da Paz de Goiás,AM,Boleto
1170,2025-01-14,Beleza,Perfume,3,406.03,C039,Costela,RS,Transferência
1171,2025-01-06,Moda,Calça Jeans,4,484.29,C047,Lopes da Prata,RR,Pix
1172,2025-04-25,Beleza,Shampoo,3,277.55,C189,da Conceição de Freitas,MA,Transferência
1173,2025-02-10,Casa,Aspirador de pó,4,414.76,C056,Dias,MG,Pix
1174,2025-02-12,Moda,Jaqueta,1,317.38,C114,Vieira de das Neves,PE,Pix
1175,2025-01-15,Eletrônicos,Carregador,3,331.63,C072,Pereira do Sul,AC,Cartão
1176,2025-06-01,Eletrônicos,Fone de ouvido,3,498.05,C050,Oliveira,PA,Cartão
1177,2025-06-01,Moda,Boné,2,206.55,C277,da Cruz do Galho,RN,Pix
1178,2025-04-26,Beleza,Sabonete líquido,2,445.0,C251,Silveira do Amparo,MT,Cartão
1179,2025-01-09,Beleza,Perfume,1,351.33,C228,Teixeira,MS,Boleto
1180,2025-02-05,Beleza,Creme hidratante,3,67.69,C279,Ramos,MT,Pix
1181,2025-04-13,Casa,Conjunto de copos,4,152.42,C233,Costa da Serra,PE,Cartão
1182,2025-01-16,Eletrônicos,Mouse,5,486.12,C171,Ramos de Cunha,MG,Cartão
1183,2024-12-21,Moda,Calça Jeans,5,118.5,C111,Rezende do Sul,MS,Boleto
1184,2024-12-16,Moda,Tênis,2,398.55,C142,Martins da Mata,RO,Cartão
1185,2025-03-14,Moda,Calça Jeans,5,140.31,C057,Rocha,MA,Boleto
1186,2025-03-12,Eletrônicos,Mouse,1,191.96,C166,Ribeiro Alegre,AC,Boleto
1187,2024-12-13,Eletrônicos,Mouse,3,45.15,C270,da Rocha,MS,Transferência
1188,2025-01-20,Eletrônicos,Fone de ouvido,4,235.17,C263,Gomes do Galho,AP,Pix
1189,2025-04-16,Eletrônicos,Carregador,5,126.34,C267,Santos Verde,RJ,Cartão
1190,2025-01-27,Casa,Lençol,1,49.2,C206,Moreira do Sul,GO,Transferência
1191,2025-02-14,Beleza,Shampoo,4,361.95,C038,Lopes,PR,Transferência
1192,2025-05-30,Eletrônicos,Teclado,5,91.2,C141,Rezende do Amparo,AL,Boleto
1193,2025-02-04,Casa,Lençol,5,274.67,C259,Silva do Oeste,MS,Transferência
1194,2025-04-04,Beleza,Shampoo,1,429.34,C221,da Rocha do Galho,RR,Boleto
1195,2024-12-07,Beleza,Creme hidratante,4,182.69,C205,Teixeira,TO,Transferência
1196,2025-03-21,Beleza,Shampoo,3,224.85,C192,da Conceição da Prata,MS,Pix
1197,2025-04-22,Moda,Jaqueta,1,63.79,C048,Rezende do Amparo,PA,Cartão
1198,2025-02-04,Beleza,Shampoo,3,409.65,C288,Cardoso da Praia,DF,Cartão
1199,2025-02-09,Casa,Conjunto de copos,4,189.73,C027,Moura,PA,Transferência
1200,2025-02-13,Casa,Aspirador de pó,3,188.79,C080,Cunha,AL,Boleto
1201,2025-04-16,Beleza,Creme hidratante,1,188.05,C059,Mendes,BA,Pix
1202,2025-03-18,Casa,Aspirador de pó,2,407.47,C137,Araújo,SC,Cartão
1203,2025-04-23,Eletrônicos,Mouse,3,357.3,C174,Ramos,RO,Pix
1204,2025-02-28,Casa,Conjunto de copos,2,437.53,C036,Ribeiro,RJ,Transferência
1205,2025-06-01,Moda,Camiseta,1,378.13,C193,Farias,PB,Boleto
1206,2024-12-02,Beleza,Maquiagem,3,95.56,C167,Nascimento,AC,Pix
1207,2025-02-20,Eletrônicos,Fone de ouvido,2,95.56,C042,Duarte do Campo,MA,Cartão
1208,2024-12-21,Casa,Lençol,4,253.12,C213,Monteiro,AP,Transferência
1209,2024-12-28,Casa,Jogo de panelas,5,74.63,C057,da Cruz do Oeste,MS,Transferência
1210,2025-04-11,Casa,Aspirador de pó,4,272.93,C024,Lopes de Minas,SE,Pix
1211,2025-04-30,Moda,Jaqueta,5,46.3,C155,Monteiro,PA,Boleto
1212,2025-01-12,Moda,Calça Jeans,3,158.93,C004,Silveira das Pedras,PA,Cartão
1213,2025-03-28,Beleza,Maquiagem,2,82.01,C257,Freitas do Campo,SE,Boleto
1214,2024-12-09,Casa,Conjunto de copos,4,433.65,C224,Gonçalves das Pedras,RS,Cartão
1215,2025-01-08,Eletrônicos,Carregador,1,433.81,C294,Souza Verde,AL,Transferência
1216,2025-05-31,Beleza,Maquiagem,3,75.28,C167,Azevedo de Lima,MA,Cartão
1217,2025-05-22,Moda,Boné,4,419.37,C046,Martins,MS,Pix
1218,2025-02-26,Beleza,Shampoo,2,229.12,C269,Rodrigues da Mata,GO,Transferência
1219,2025-05-29,Eletrônicos,Carregador,3,377.99,C171,da Rosa dos Dourados,SE,Boleto
1220,2025-03-25,Moda,Camiseta,5,323.95,C179,Nogueira da Praia,SE,Boleto
1221,2025-01-03,Casa,Jogo de panelas,2,69.35,C102,Lima,RR,Pix
1222,2025-03-05,Moda,Boné,2,384.9,C091,Moura,CE,Cartão
1223,2024-12-10,Beleza,Maquiagem,5,384.74,C290,Campos,AM,Transferência
1224,2025-01-23,Casa,Toalha,2,231.09,C227,Rocha,DF,Transferência
1225,2025-05-16,Casa,Toalha,5,46.96,C159,Monteiro Alegre,PA,Cartão
1226,2025-04-02,Beleza,Maquiagem,1,47.31,C040,Vieira da Praia,ES,Pix
1227,2025-03-11,Eletrônicos,Caixa de som,5,263.39,C298,Duarte,AC,Transferência
1228,2025-01-11,Eletrônicos,Carregador,5,332.88,C244,Lopes,AL,Pix
1229,2025-02-05,Moda,Camiseta,4,69.68,C044,Lopes,RN,Pix
1230,2025-01-04,Moda,Camiseta,2,359.66,C269,da Cruz,RN,Transferência
1231,2025-01-06,Moda,Tênis,3,460.61,C210,Teixeira,PR,Transferência
1232,2024-12-23,Casa,Aspirador de pó,1,398.83,C034,Nunes da Prata,PB,Pix
1233,2025-03-11,Casa,Conjunto de copos,5,345.62,C130,da Mota,BA,Pix
1234,2025-01-25,Moda,Tênis,1,299.71,C180,Campos dos Dourados,MS,Boleto
1235,2025-05-01,Casa,Lençol,2,305.62,C159,das Neves de Minas,CE,Cartão
1236,2025-05-19,Beleza,Perfume,2,341.66,C217,Oliveira,SP,Cartão
1237,2025-04-15,Casa,Conjunto de copos,3,168.26,C175,Moraes,RS,Boleto
1238,2025-05-25,Beleza,Creme hidratante,2,499.99,C040,da Cunha de Minas,MS,Boleto
1239,2025-01-01,Casa,Conjunto de copos,5,390.02,C173,Gomes de Ribeiro,RO,Cartão
1240,2024-12-20,Moda,Boné,4,94.04,C085,Moreira das Pedras,RJ,Boleto
1241,2025-01-03,Beleza,Shampoo,4,194.86,C228,Nunes da Prata,CE,Boleto
1242,2024-12-03,Casa,Lençol,2,276.33,C241,Aragão,ES,Pix
1243,2024-12-28,Moda,Tênis,5,492.53,C145,da Rosa,BA,Transferência
1244,2025-03-27,Beleza,Sabonete líquido,5,220.96,C103,Almeida de Viana,CE,Boleto
1245,2024-12-03,Moda,Tênis,1,327.77,C284,Pinto das Pedras,MG,Pix
1246,2025-04-11,Eletrônicos,Caixa de som,1,156.83,C140,das Neves de Minas,RN,Boleto
1247,2024-12-26,Beleza,Sabonete líquido,2,418.9,C114,da Rosa do Oeste,TO,Cartão
1248,2025-05-23,Beleza,Perfume,1,219.15,C258,Costa,PI,Transferência
1249,2025-02-16,Casa,Jogo de panelas,4,497.37,C115,da Luz,RO,Pix
1250,2025-05-27,Eletrônicos,Teclado,1,422.8,C075,Moreira da Praia,RJ,Pix
1251,2025-01-20,Moda,Camiseta,3,460.35,C072,Rodrigues de Mendes,PE,Transferência
1252,2025-04-12,Beleza,Maquiagem,5,22.52,C010,Carvalho,SP,Cartão
1253,2025-03-23,Casa,Jogo de panelas,2,283.43,C057,Nogueira,MT,Transferência
1254,2025-05-24,Casa,Jogo de panelas,3,78.49,C215,Silveira da Prata,RJ,Boleto
1255,2025-04-28,Beleza,Shampoo,1,421.61,C275,Lima,PA,Transferência
1256,2025-05-21,Eletrônicos,Caixa de som,5,136.13,C150,Gomes de Lopes,ES,Boleto
1257,2025-05-30,Beleza,Shampoo,5,189.35,C096,Dias,MS,Transferência
1258,2025-04-06,Eletrônicos,Caixa de som,3,52.49,C200,Moreira,PA,Cartão
1259,2025-01-19,Beleza,Shampoo,4,490.9,C009,Viana Paulista,RS,Pix
1260,2025-03-07,Casa,Conjunto de copos,3,135.74,C298,Santos da Serra,DF,Cartão
1261,2025-02-16,Casa,Jogo de panelas,1,189.1,C090,Cavalcanti de Souza,SP,Pix
1262,2025-05-20,Beleza,Maquiagem,2,409.52,C235,Fernandes de da Cruz,GO,Cartão
1263,2024-12-16,Eletrônicos,Teclado,2,41.03,C022,Viana,MT,Boleto
1264,2025-05-30,Casa,Toalha,5,211.15,C130,Vieira,PI,Transferência
1265,2025-05-21,Eletrônicos,Mouse,3,191.35,C170,Pires do Campo,PA,Cartão
1266,2025-06-01,Casa,Conjunto de copos,3,229.74,C226,Vieira da Praia,SC,Transferência
1267,2024-12-20,Beleza,Perfume,2,258.18,C189,Fernandes das Pedras,MG,Transferência
1268,2024-12-06,Casa,Conjunto de copos,4,57.88,C280,Ferreira Paulista,SC,Boleto
1269,2024-12-02,Casa,Toalha,1,58.43,C157,Gomes do Oeste,RR,Pix
1270,2025-02-20,Beleza,Sabonete líquido,4,99.99,C180,Nogueira,MG,Transferência
1271,2025-04-08,Beleza,Shampoo,3,315.13,C141,Barbosa,AP,Transferência
1272,2025-01-09,Eletrônicos,Fone de ouvido,4,194.39,C016,Duarte do Amparo,RS,Boleto
1273,2025-01-25,Moda,Boné,4,36.7,C121,Gonçalves Verde,AC,Cartão
1274,2025-05-04,Casa,Toalha,4,475.74,C079,Ramos de Rodrigues,ES,Cartão
1275,2025-01-20,Beleza,Perfume,3,233.09,C294,Pinto de Novaes,AP,Cartão
1276,2025-04-20,Moda,Boné,3,211.06,C128,Silva,GO,Pix
1277,2025-06-01,Eletrônicos,Fone de ouvido,2,259.54,C288,Oliveira do Amparo,AL,Transferência
1278,2025-04-06,Eletrônicos,Teclado,3,357.94,C147,Lima de Ferreira,GO,Boleto
1279,2025-02-22,Beleza,Creme hidratante,1,85.15,C232,da Cunha,AC,Cartão
1280,2025-04-04,Moda,Jaqueta,1,409.05,C178,Melo de Lopes,BA,Pix
1281,2025-04-08,Eletrônicos,Caixa de som,5,159.37,C081,Barros de Minas,SC,Pix
1282,2024-12-13,Moda,Tênis,5,127.64,C072,Pires,RO,Boleto
1283,2025-05-30,Moda,Jaqueta,1,193.23,C240,Mendes,SP,Pix
1284,2025-01-16,Moda,Boné,1,51.56,C246,da Costa do Amparo,AC,Transferência
1285,2025-06-02,Beleza,Maquiagem,5,55.4,C038,Moreira do Sul,AM,Pix
1286,2025-01-29,Beleza,Maquiagem,5,185.37,C067,Farias,ES,Boleto
1287,2025-03-29,Beleza,Sabonete líquido,1,419.07,C156,Fogaça,RR,Boleto
1288,2024-12-08,Moda,Calça Jeans,3,468.67,C178,Silva,RJ,Boleto
1289,2025-02-04,Casa,Conjunto de copos,3,114.22,C065,Campos da Mata,MT,Pix
1290,2025-05-28,Casa,Aspirador de pó,5,64.85,C298,Teixeira,MA,Boleto
1291,2025-03-26,Moda,Calça Jeans,5,365.9,C289,Moura,BA,Pix
1292,2024-12-14,Eletrônicos,Fone de ouvido,1,41.82,C108,Souza,GO,Pix
1293,2025-02-24,Beleza,Sabonete líquido,1,259.06,C155,Martins,SC,Pix
1294,2025-02-24,Beleza,Creme hidratante,4,162.77,C031,da Mata dos Dourados,RJ,Cartão
1295,2025-04-26,Moda,Jaqueta,4,252.44,C175,Correia de Teixeira,SP,Boleto
1296,2025-05-23,Moda,Tênis,3,372.42,C205,Cardoso do Oeste,DF,Pix
1297,2025-04-28,Moda,Tênis,5,289.59,C124,da Mata,TO,Pix
1298,2024-12-16,Beleza,Shampoo,3,235.81,C050,Oliveira de Gomes,AC,Boleto
1299,2025-03-25,Eletrônicos,Teclado,4,434.8,C128,Silveira,PR,Transferência
1300,2025-04-30,Moda,Tênis,5,366.14,C082,da Paz Paulista,PR,Boleto
1301,2025-02-19,Beleza,Sabonete líquido,4,259.4,C255,Costela Verde,AC,Pix
1302,2025-01-22,Eletrônicos,Fone de ouvido,4,262.61,C111,Silva da Serra,BA,Boleto
1303,2025-03-16,Casa,Conjunto de copos,1,155.05,C147,da Conceição do Oeste,SC,Transferência
1304,2025-05-08,Eletrônicos,Fone de ouvido,4,84.29,C188,Pinto dos Dourados,PR,Pix
1305,2025-02-11,Beleza,Perfume,1,212.28,C186,Fernandes,DF,Boleto
1306,2024-12-16,Casa,Conjunto de copos,4,262.04,C061,Rodrigues,RO,Pix
1307,2025-04-07,Moda,Camiseta,4,199.14,C286,Castro Verde,PB,Pix
1308,2025-02-27,Casa,Jogo de panelas,2,309.18,C257,Gomes da Mata,CE,Transferência
1309,2025-03-30,Eletrônicos,Fone de ouvido,1,85.78,C243,Sales do Oeste,RS,Pix
1310,2025-01-27,Beleza,Creme hidratante,5,448.7,C168,Novaes de Barros,AP,Boleto
1311,2025-03-29,Casa,Jogo de panelas,4,495.5,C173,da Rocha de Minas,PI,Pix
1312,2025-02-07,Beleza,Sabonete líquido,3,247.95,C189,Souza,MT,Cartão
1313,2025-03-23,Casa,Conjunto de copos,4,300.18,C243,Aragão,PE,Cartão
1314,2025-03-31,Casa,Aspirador de pó,5,129.22,C299,Correia dos Dourados,PI,Cartão
1315,2025-01-07,Beleza,Creme hidratante,5,321.93,C076,Farias de Novaes,CE,Transferência
1316,2025-04-15,Moda,Camiseta,5,475.14,C098,Ramos de da Mata,RJ,Cartão
1317,2024-12-02,Eletrônicos,Carregador,3,221.01,C105,Cavalcanti,MG,Transferência
1318,2025-01-09,Beleza,Sabonete líquido,5,461.85,C071,Lima,MS,Cartão
1319,2025-04-30,Moda,Boné,3,499.1,C270,Correia de Minas,AL,Transferência
1320,2025-05-09,Beleza,Perfume,2,240.64,C280,Costela do Galho,AP,Pix
1321,2025-05-13,Casa,Toalha,5,252.41,C143,Silva do Oeste,AM,Boleto
1322,2025-04-20,Casa,Jogo de panelas,3,390.16,C251,Ramos,CE,Boleto
1323,2025-01-04,Casa,Lençol,3,289.03,C148,Jesus,SP,Pix
1324,2025-01-09,Eletrônicos,Caixa de som,5,202.25,C177,Rodrigues do Campo,MA,Transferência
1325,2025-03-14,Moda,Tênis,1,158.06,C178,Freitas Grande,CE,Cartão
1326,2025-02-08,Beleza,Perfume,4,122.71,C288,Cunha,MT,Pix
1327,2025-06-01,Casa,Jogo de panelas,1,315.52,C125,Freitas,ES,Boleto
1328,2025-03-11,Eletrônicos,Caixa de som,2,326.21,C052,Cardoso do Oeste,BA,Cartão
1329,2025-01-08,Beleza,Perfume,4,68.26,C003,Freitas,SC,Boleto
1330,2025-03-02,Moda,Jaqueta,4,249.18,C148,da Cruz,DF,Boleto
1331,2025-04-29,Casa,Toalha,1,455.81,C294,da Rocha,MA,Cartão
1332,2025-06-02,Moda,Boné,1,458.35,C214,da Mata das Pedras,AM,Boleto
1333,2025-06-01,Moda,Camiseta,4,398.22,C149,Silva,RJ,Boleto
1334,2025-01-25,Eletrônicos,Fone de ouvido,3,292.62,C172,Gomes do Norte,RJ,Cartão
1335,2025-04-16,Casa,Lençol,5,271.67,C259,Lima de da Rocha,MS,Boleto
1336,2025-01-22,Beleza,Perfume,2,408.23,C084,Silveira de Porto,PI,Pix
1337,2025-03-27,Beleza,Perfume,2,26.76,C152,Costa de Minas,RJ,Pix
1338,2025-03-01,Moda,Calça Jeans,5,430.95,C219,Teixeira de Souza,RO,Transferência
1339,2025-04-30,Casa,Conjunto de copos,4,341.24,C072,da Paz,AC,Boleto
1340,2025-04-21,Beleza,Perfume,2,23.28,C121,Moreira do Sul,AC,Transferência
1341,2025-05-22,Beleza,Perfume,3,164.93,C134,Azevedo,DF,Cartão
1342,2025-05-14,Casa,Jogo de panelas,1,340.54,C158,Sales de Ramos,PB,Transferência
1343,2025-04-09,Moda,Jaqueta,5,463.09,C061,da Mota do Amparo,PR,Pix
1344,2025-01-29,Casa,Toalha,5,126.01,C245,Souza de Pereira,MT,Boleto
1345,2025-04-04,Moda,Jaqueta,5,199.34,C276,Cardoso,DF,Transferência
1346,2025-05-26,Moda,Calça Jeans,5,439.1,C270,Rodrigues de da Rosa,SP,Cartão
1347,2025-03-16,Beleza,Sabonete líquido,3,57.49,C032,Porto,TO,Cartão
1348,2025-05-28,Moda,Boné,5,91.93,C267,das Neves de Rocha,PB,Pix
1349,2025-05-29,Beleza,Shampoo,2,364.12,C047,da Luz,SE,Transferência
1350,2025-01-08,Beleza,Shampoo,4,83.33,C234,Cardoso,AL,Transferência
1351,2025-05-30,Eletrônicos,Caixa de som,4,342.93,C012,Freitas,CE,Pix
1352,2025-02-21,Beleza,Perfume,1,377.99,C024,Mendes do Campo,CE,Cartão
1353,2025-03-15,Beleza,Perfume,1,279.76,C036,Martins,PR,Cartão
1354,2025-02-15,Beleza,Shampoo,3,216.26,C216,Castro Paulista,MG,Boleto
1355,2025-04-23,Casa,Lençol,4,437.42,C193,Pinto,SC,Transferência
1356,2025-05-14,Eletrônicos,Caixa de som,2,333.7,C061,Fernandes,GO,Pix
1357,2025-01-25,Moda,Boné,4,273.84,C002,Silva,PA,Boleto
1358,2025-05-01,Eletrônicos,Teclado,4,343.28,C273,Porto,PR,Transferência
1359,2025-05-03,Beleza,Creme hidratante,2,241.1,C142,Rodrigues,SE,Boleto
1360,2025-03-25,Moda,Camiseta,1,408.55,C009,Gomes,PA,Transferência
1361,2025-04-13,Moda,Calça Jeans,1,68.43,C229,da Mata de Minas,AC,Cartão
1362,2025-05-16,Eletrônicos,Mouse,1,213.09,C277,da Conceição,TO,Boleto
1363,2025-05-12,Moda,Camiseta,2,261.87,C120,Dias do Oeste,SC,Pix
1364,2025-03-16,Casa,Aspirador de pó,5,390.82,C122,Fogaça da Serra,RN,Pix
1365,2025-03-16,Casa,Jogo de panelas,5,126.1,C141,Barros,TO,Pix
1366,2024-12-27,Eletrônicos,Caixa de som,5,442.26,C219,Carvalho das Pedras,MG,Boleto
1367,2025-01-27,Beleza,Shampoo,3,471.96,C269,Carvalho de Novaes,AP,Transferência
1368,2025-03-07,Casa,Lençol,4,91.62,C095,Oliveira,PR,Transferência
1369,2025-03-07,Beleza,Creme hidratante,2,164.35,C238,das Neves,RO,Boleto
1370,2025-03-26,Eletrônicos,Caixa de som,4,484.54,C199,Duarte,CE,Boleto
1371,2025-05-27,Moda,Tênis,2,178.53,C231,Barbosa Paulista,AP,Cartão
1372,2025-05-06,Casa,Conjunto de copos,5,367.8,C027,Farias,MG,Boleto
1373,2025-01-17,Casa,Lençol,5,309.4,C097,da Paz da Mata,PE,Cartão
1374,2025-01-21,Moda,Jaqueta,2,437.35,C156,Santos,PA,Pix
1375,2025-03-11,Eletrônicos,Mouse,2,481.8,C246,Novaes,PI,Cartão
1376,2024-12-17,Moda,Boné,2,210.38,C283,da Costa Alegre,PR,Boleto
1377,2025-01-16,Casa,Toalha,4,243.8,C158,Sales,CE,Pix
1378,2025-01-13,Casa,Toalha,5,443.75,C051,Nunes,AL,Transferência
1379,2025-02-23,Beleza,Perfume,2,197.94,C024,Ferreira,PE,Transferência
1380,2025-05-06,Moda,Calça Jeans,1,145.17,C152,Teixeira,TO,Transferência
1381,2025-01-21,Moda,Calça Jeans,3,130.41,C256,Oliveira,DF,Boleto
1382,2025-05-04,Casa,Toalha,4,483.92,C236,Silva,SC,Transferência
1383,2025-04-18,Moda,Tênis,2,87.18,C095,Rodrigues,DF,Transferência
1384,2025-03-08,Eletrônicos,Caixa de som,1,422.75,C025,Dias,GO,Cartão
1385,2024-12-02,Eletrônicos,Carregador,2,424.42,C035,Pinto,MT,Boleto
1386,2024-12-16,Moda,Camiseta,2,262.75,C031,da Cunha da Praia,SP,Pix
1387,2025-05-16,Beleza,Maquiagem,1,23.17,C007,Aragão do Campo,CE,Transferência
1388,2025-03-22,Eletrônicos,Caixa de som,3,277.15,C009,da Luz,ES,Pix
1389,2025-02-28,Beleza,Creme hidratante,1,460.66,C124,Alves,MS,Boleto
1390,2025-03-28,Moda,Boné,5,141.16,C137,Castro do Sul,PI,Pix
1391,2025-06-02,Beleza,Shampoo,3,480.46,C290,Lima da Serra,RJ,Transferência
1392,2025-02-02,Moda,Calça Jeans,3,348.34,C017,Barros de da Rosa,AC,Cartão
1393,2025-01-06,Eletrônicos,Carregador,4,201.04,C029,Oliveira da Serra,PB,Transferência
1394,2024-12-20,Eletrônicos,Mouse,1,259.93,C170,Azevedo do Campo,TO,Transferência
1395,2024-12-29,Eletrônicos,Caixa de som,1,130.29,C139,da Paz,DF,Transferência
1396,2025-04-25,Eletrônicos,Fone de ouvido,3,451.67,C092,Ribeiro da Serra,SP,Cartão
1397,2025-05-08,Casa,Conjunto de copos,2,301.78,C040,da Conceição,MG,Transferência
1398,2025-05-30,Casa,Jogo de panelas,5,135.43,C277,Gomes do Sul,AL,Transferência
1399,2025-04-21,Casa,Lençol,2,399.44,C257,Gonçalves,PE,Cartão
1400,2025-01-26,Casa,Conjunto de copos,1,229.8,C175,Novaes,RS,Cartão
1401,2025-04-20,Beleza,Perfume,1,324.38,C252,Fernandes,RS,Transferência
1402,2025-04-21,Moda,Tênis,5,471.75,C096,Castro Verde,AL,Transferência
1403,2025-04-12,Beleza,Shampoo,5,161.78,C038,Vieira das Pedras,RN,Boleto
1404,2025-02-10,Eletrônicos,Teclado,2,202.4,C200,Nogueira,ES,Boleto
1405,2025-05-01,Casa,Toalha,1,63.93,C228,Teixeira do Sul,SE,Pix
1406,2025-03-05,Casa,Toalha,1,83.6,C221,Jesus Paulista,RO,Boleto
1407,2025-01-10,Beleza,Sabonete líquido,5,265.97,C014,Freitas de da Rosa,TO,Cartão
1408,2025-05-19,Eletrônicos,Teclado,5,64.67,C198,da Mota,PR,Pix
1409,2025-05-30,Eletrônicos,Teclado,4,206.14,C287,Alves Alegre,RJ,Cartão
1410,2025-01-12,Moda,Boné,5,101.4,C087,Moura,SE,Transferência
1411,2025-03-17,Moda,Tênis,3,148.84,C033,Rodrigues da Praia,RS,Boleto
1412,2024-12-08,Moda,Jaqueta,3,222.13,C040,Caldeira dos Dourados,GO,Transferência
1413,2025-01-13,Casa,Toalha,2,366.03,C101,Caldeira,RR,Transferência
1414,2025-01-05,Beleza,Shampoo,2,166.24,C171,Teixeira do Amparo,PI,Transferência
1415,2025-03-27,Beleza,Perfume,4,180.67,C154,Ferreira,AM,Boleto
1416,2024-12-16,Casa,Aspirador de pó,2,249.92,C204,Lopes,TO,Boleto
1417,2025-05-11,Casa,Toalha,4,484.53,C167,Teixeira de Costela,DF,Boleto
1418,2025-01-18,Beleza,Perfume,4,195.21,C280,Fogaça,AM,Boleto
1419,2024-12-04,Moda,Boné,1,477.44,C108,Duarte,AP,Transferência
1420,2025-04-02,Beleza,Perfume,1,413.1,C256,Cunha,SP,Transferência
1421,2025-04-28,Moda,Tênis,2,141.29,C217,Monteiro da Mata,AP,Boleto
1422,2025-03-11,Beleza,Shampoo,4,495.54,C299,Silva,AP,Transferência
1423,2025-03-24,Beleza,Sabonete líquido,5,463.28,C279,Alves do Oeste,SC,Transferência
1424,2025-03-07,Eletrônicos,Teclado,5,305.03,C056,Dias,AP,Cartão
1425,2025-04-30,Moda,Tênis,2,330.56,C289,Novaes das Flores,SE,Cartão
1426,2025-02-12,Beleza,Perfume,4,70.85,C133,Barros do Sul,SP,Cartão
1427,2025-04-10,Moda,Boné,5,287.84,C229,Castro de da Conceição,PI,Boleto
1428,2025-02-13,Casa,Lençol,4,390.72,C177,Pereira,RJ,Boleto
1429,2025-03-30,Eletrônicos,Carregador,1,161.81,C060,Fernandes,MT,Cartão
1430,2025-05-27,Moda,Tênis,3,184.67,C267,Peixoto,SC,Boleto
1431,2025-02-01,Beleza,Perfume,4,66.86,C164,Martins,GO,Transferência
1432,2025-03-18,Eletrônicos,Teclado,1,408.89,C012,Melo de Silveira,RN,Cartão
1433,2025-03-01,Casa,Conjunto de copos,2,466.36,C265,Campos,SP,Boleto
1434,2025-05-04,Moda,Boné,2,178.88,C237,Nunes,RR,Transferência
1435,2025-02-12,Moda,Jaqueta,2,109.47,C203,Barros,PR,Transferência
1436,2025-02-01,Eletrônicos,Caixa de som,2,235.8,C200,Lima Grande,PA,Transferência
1437,2025-01-13,Eletrônicos,Mouse,2,153.61,C296,Ramos de Minas,RO,Cartão
1438,2025-02-18,Eletrônicos,Caixa de som,2,195.58,C235,Fogaça,AM,Boleto
1439,2024-12-22,Eletrônicos,Teclado,4,273.3,C199,Lopes da Praia,DF,Pix
1440,2024-12-18,Beleza,Sabonete líquido,1,187.0,C089,Ramos de Carvalho,PE,Transferência
1441,2025-03-15,Casa,Aspirador de pó,5,60.68,C161,Fogaça do Sul,SC,Boleto
1442,2024-12-31,Eletrônicos,Mouse,3,76.14,C073,Fernandes,RN,Pix
1443,2025-02-13,Beleza,Maquiagem,5,86.18,C217,das Neves,MS,Transferência
1444,2025-02-23,Moda,Jaqueta,5,352.85,C285,Rocha,GO,Boleto
1445,2025-03-30,Moda,Jaqueta,3,87.34,C231,Cardoso da Mata,AC,Pix
1446,2025-01-20,Eletrônicos,Teclado,1,252.61,C197,da Rocha Paulista,RO,Boleto
1447,2024-12-10,Beleza,Maquiagem,4,219.5,C251,Gonçalves de Costela,DF,Transferência
1448,2025-01-05,Moda,Camiseta,5,34.81,C150,da Cunha Verde,PI,Boleto
1449,2025-02-09,Eletrônicos,Teclado,2,278.05,C235,Moura de Goiás,RR,Boleto
1450,2025-01-18,Beleza,Sabonete líquido,5,74.34,C138,Nascimento de Rocha,SE,Cartão
1451,2025-03-02,Casa,Aspirador de pó,1,384.8,C280,Viana do Oeste,PR,Transferência
1452,2025-04-14,Moda,Jaqueta,1,373.27,C153,Cunha de da Rocha,ES,Boleto
1453,2024-12-27,Eletrônicos,Carregador,3,187.32,C225,Nunes das Flores,PI,Cartão
1454,2025-04-03,Eletrônicos,Mouse,2,409.14,C220,da Cruz de Azevedo,MG,Pix
1455,2025-01-27,Moda,Boné,2,396.73,C031,da Conceição Verde,GO,Boleto
1456,2025-05-23,Casa,Aspirador de pó,3,306.49,C166,Silveira,PE,Boleto
1457,2025-05-12,Casa,Toalha,5,148.32,C070,Ribeiro,BA,Cartão
1458,2024-12-31,Beleza,Shampoo,3,436.18,C068,Santos,RR,Boleto
1459,2025-04-29,Moda,Calça Jeans,3,417.67,C251,Azevedo,PI,Transferência
1460,2025-01-26,Moda,Boné,3,321.35,C232,Farias do Amparo,RN,Transferência
1461,2025-01-18,Eletrônicos,Fone de ouvido,4,267.49,C189,Pires dos Dourados,PB,Pix
1462,2025-02-22,Beleza,Maquiagem,3,299.34,C235,Cavalcanti do Norte,AP,Cartão
1463,2025-01-19,Casa,Conjunto de copos,5,210.9,C109,da Cunha Grande,SC,Transferência
1464,2025-03-01,Beleza,Perfume,3,417.6,C281,da Rocha de da Paz,AC,Pix
1465,2025-02-02,Moda,Boné,4,398.39,C024,Peixoto das Pedras,RN,Cartão
1466,2025-05-08,Eletrônicos,Carregador,1,79.63,C226,Pereira,CE,Boleto
1467,2025-03-01,Beleza,Shampoo,4,117.11,C155,Porto,PB,Boleto
1468,2024-12-17,Moda,Tênis,1,334.2,C043,Pereira,GO,Pix
1469,2025-05-06,Casa,Jogo de panelas,1,210.24,C120,Moura,AL,Pix
1470,2024-12-09,Beleza,Shampoo,1,20.52,C040,Dias,RN,Transferência
1471,2024-12-09,Moda,Boné,2,269.33,C005,da Conceição de Farias,PB,Transferência
1472,2025-04-07,Eletrônicos,Teclado,1,494.31,C068,Dias,RR,Transferência
1473,2025-04-01,Beleza,Shampoo,2,203.87,C053,da Rocha da Praia,PB,Cartão
1474,2025-05-27,Casa,Toalha,3,85.82,C074,Rezende,SE,Boleto
1475,2025-02-24,Eletrônicos,Caixa de som,5,24.07,C226,da Luz,AP,Boleto
1476,2025-03-15,Casa,Jogo de panelas,2,461.55,C112,Moraes de Cardoso,PE,Transferência
1477,2024-12-28,Eletrônicos,Fone de ouvido,2,381.17,C180,Martins do Norte,PI,Transferência
1478,2025-03-27,Beleza,Perfume,2,138.94,C128,Rodrigues Alegre,PR,Cartão
1479,2025-02-19,Casa,Conjunto de copos,3,118.61,C201,da Mota do Amparo,AL,Boleto
1480,2025-03-10,Casa,Conjunto de copos,2,257.55,C124,Souza das Pedras,PE,Cartão
1481,2025-01-13,Beleza,Sabonete líquido,1,273.58,C185,da Rosa de da Cunha,AP,Cartão
1482,2024-12-12,Casa,Jogo de panelas,4,433.19,C188,Barbosa Paulista,MA,Transferência
1483,2025-04-04,Moda,Jaqueta,1,28.01,C008,Freitas da Praia,AL,Cartão
1484,2025-01-31,Casa,Jogo de panelas,1,462.84,C260,Jesus de Silva,MG,Transferência
1485,2025-01-18,Casa,Aspirador de pó,4,223.32,C043,da Rocha,MS,Transferência
1486,2025-05-20,Moda,Tênis,1,168.76,C080,Teixeira,MG,Boleto
1487,2025-05-11,Casa,Lençol,5,324.46,C159,Pereira,DF,Cartão
1488,2025-04-30,Beleza,Creme hidratante,1,137.35,C060,Melo de Minas,PR,Transferência
1489,2025-01-15,Beleza,Sabonete líquido,5,46.41,C062,das Neves das Pedras,MS,Boleto
1490,2025-03-12,Eletrônicos,Mouse,1,98.64,C268,Cavalcanti,PE,Pix
1491,2025-04-03,Casa,Jogo de panelas,3,80.93,C061,Lopes das Flores,ES,Pix
1492,2025-03-14,Eletrônicos,Teclado,4,150.55,C135,Moura de Azevedo,ES,Cartão
1493,2025-04-19,Eletrônicos,Carregador,4,265.18,C256,Sales,AP,Cartão
1494,2025-01-29,Moda,Tênis,2,142.46,C294,Nunes,PR,Cartão
1495,2025-01-16,Eletrônicos,Mouse,5,21.23,C126,Martins de Minas,SC,Cartão
1496,2025-04-25,Eletrônicos,Carregador,3,203.83,C092,Souza de Minas,TO,Boleto
1497,2025-04-13,Eletrônicos,Caixa de som,4,127.77,C214,Rezende,AL,Boleto
1498,2025-01-29,Casa,Toalha,1,294.34,C258,Ferreira,PB,Cartão
1499,2025-02-03,Eletrônicos,Mouse,2,406.08,C206,da Luz de Minas,MS,Cartão
